transcript_id,theme,speaker,text,label
1,Project Sprint Planning,Dave,Yeah Like I noticed that this morning. Someone should call maintenance.,0
1,Project Sprint Planning,Bob,"Oh and by Like the way, the coffee machine on the third floor is broken again.",0
1,Project Sprint Planning,Alice,"Haha, that's the third time this month.",0
1,Project Sprint Planning,Dave,Let's schedule a code review meeting for Wednesday at 3 PM.,1
1,Project Sprint Planning,Alice,So how was everyone's weekend?,0
1,Project Sprint Planning,Bob,"Pretty Like good, I watched that new movie everyone's talking about.",0
1,Project Sprint Planning,Bob,Action I mean item: create the CI/CD pipeline this week.,1
1,Project Sprint Planning,Dave,"Nice, where did you go hiking?",0
1,Project Sprint Planning,Carol,"Oh yeah, I heard it was great. I went hiking actually.",0
1,Project Sprint Planning,Dave,I will follow up with the DevOps team about server access.,1
1,Project Sprint Planning,Alice,"The deadline for the client demo is April 1st, no extensions.",1
1,Project Sprint Planning,Alice,"That sounds lovely. Anyway, back to the sprint.",0
1,Project Sprint Planning,Alice,We need to finalize the API design by Friday March 15.,1
1,Project Sprint Planning,Bob,At least You know the one on the fifth floor works.,0
1,Project Sprint Planning,Carol,The deployment Actually to AWS should happen next Monday March 25.,1
1,Project Sprint Planning,Bob,I will prepare the database schema and send it to Carol by Thursday.,1
1,Project Sprint Planning,Carol,"Up at Mount Wilson, the weather was perfect.",0
1,Project Sprint Planning,Carol,We decided to use React for the frontend instead of Vue.,1
2,Research Group Meeting,Frank,"Yeah, I think it's at noon in the common room.",0
2,Research Group Meeting,Eve,The I mean paper submission deadline for ICML is June 15.,1
2,Research Group Meeting,Frank,I will complete the experimental results section by next week.,1
2,Research Group Meeting,Eve,"Haha, the power of pizza. Oh also, has anyone tried the new cafe near the library?",0
2,Research Group Meeting,Hank,We decided to extend our dataset with the 2024 corpus.,1
2,Research Group Meeting,Hank,I prefer the one across the street honestly.,0
2,Research Group Meeting,Grace,"Oh, in that case I might show up.",0
2,Research Group Meeting,Grace,We need Um to revise the literature review based on reviewer feedback.,1
2,Research Group Meeting,Eve,The collaboration with Um Stanford starts on May 1st.,1
2,Research Group Meeting,Eve,Let's agree on using BERT as our baseline model.,1
2,Research Group Meeting,Frank,"Yes, You know their espresso is actually really good.",0
2,Research Group Meeting,Frank,Action item: Grace will prepare the presentation slides for the department seminar.,1
2,Research Group Meeting,Hank,I heard they're serving pizza this time.,0
2,Research Group Meeting,Eve,To each their own. So where were we?,0
2,Research Group Meeting,Hank,The budget I mean request for GPU compute time should be submitted to Dr. Smith.,1
2,Research Group Meeting,Eve,Did Actually anyone see the email about the faculty lunch today?,0
2,Research Group Meeting,Grace,"I might skip it, I have so much grading to do.",0
3,Startup Team Standup,Bob,The mobile app Actually beta version will be ready by March 28.,1
3,Startup Team Standup,Eve,Has anyone been to that new ramen place downtown?,0
3,Startup Team Standup,Eve,I will finalize the pitch deck and send it to everyone by Monday.,1
3,Startup Team Standup,Eve,"Deal. Also, I saw a funny meme about startup life.",0
3,Startup Team Standup,Grace,We should all go together sometime.,0
3,Startup Team Standup,Alice,The investor meeting I mean with Sequoia is scheduled for April 10 at 2 PM.,1
3,Startup Team Standup,Bob,We I mean need to decide on the pricing model before the investor meeting.,1
3,Startup Team Standup,Alice,We agreed to target the enterprise market first.,1
3,Startup Team Standup,Bob,Send it in the group chat!,0
3,Startup Team Standup,Alice,"Definitely, maybe after we close the funding round.",0
3,Startup Team Standup,Eve,Let's go with the freemium model for the launch.,1
3,Startup Team Standup,Grace,Action item: Um set up the demo environment for the investor presentation.,1
3,Startup Team Standup,Bob,"Not yet, but I heard it's amazing. Their tonkotsu is supposed to be incredible.",0
3,Startup Team Standup,Grace,So Well what's the plan for lunch today?,0
3,Startup Team Standup,Alice,"I Actually brought leftovers, but I'm always down for takeout.",0
3,Startup Team Standup,Alice,The user testing results show 87% satisfaction rate.,1
4,Department Budget Review,Carol,"Those were the days. Anyway, back to numbers.",0
4,Department Budget Review,Frank,"The travel I mean budget should be increased to $120,000 for conference attendance.",1
4,Department Budget Review,Carol,The Actually total budget for next fiscal year is $2.3 million.,1
4,Department Budget Review,Hank,"The grant from NSF for $500,000 has been confirmed.",1
4,Department Budget Review,Hank,"Oh yeah, Professor Thompson's famous tomato soup.",0
4,Department Budget Review,Dave,The Um pasta station is pretty decent actually.,0
4,Department Budget Review,Carol,We decided to prioritize hiring two new faculty positions.,1
4,Department Budget Review,Frank,Let's schedule a follow-up meeting to finalize the allocations.,1
4,Department Budget Review,Carol,Has anyone tried the new cafeteria menu?,0
4,Department Budget Review,Dave,"The software licenses So renewal costs $85,000 annually.",1
4,Department Budget Review,Dave,"We need to allocate $450,000 for new lab equipment.",1
4,Department Budget Review,Dave,"Also, the parking situation is terrible this week.",0
4,Department Budget Review,Frank,"They're doing construction on lot B, it should be done by next month.",0
4,Department Budget Review,Frank,I miss the old chef who used to make that amazing soup.,0
4,Department Budget Review,Hank,Action item: Carol will prepare the budget proposal for the dean by April 15.,1
5,Student Club Meeting,Hank,I will handle the social media marketing starting next week.,1
5,Student Club Meeting,Hank,We should contact Professor Kumar to be the keynote speaker.,1
5,Student Club Meeting,Bob,"I'm Actually down, there's a new burger place I want to try.",0
5,Student Club Meeting,Bob,Action item: create Well the event registration form by this Friday.,1
5,Student Club Meeting,Alice,Same here. Well Let's wrap this up quickly then.,0
5,Student Club Meeting,Hank,What a So comeback in the last quarter!,0
5,Student Club Meeting,Alice,"The annual tech fest is on May 20, we need volunteers by May 1.",1
5,Student Club Meeting,Grace,Count me in too!,0
5,Student Club Meeting,Alice,Midterms are the worst. At least they're almost over.,0
5,Student Club Meeting,Grace,We Like agreed to include a hackathon as part of the fest.,1
5,Student Club Meeting,Grace,Did you all see the game last night?,0
5,Student Club Meeting,Bob,"I couldn't Well watch it, I was studying for midterms.",0
5,Student Club Meeting,Bob,The sponsorship outreach to companies should start immediately.,1
5,Student Club Meeting,Alice,Let's confirm the venue booking for the auditorium by April 20.,1
5,Student Club Meeting,Hank,True. Anyone want to grab food after this meeting?,0
5,Student Club Meeting,Grace,"The budget approved by the student council is $5,000.",1
